{
    "name": "root",
    "metadata": {
        "timer_format_version": "0.1.0",
        "start_time_seconds": "1701293779",
        "python_version": "3.7.16 (default, Jan 17 2023, 16:06:28) [MSC v.1916 64 bit (AMD64)]",
        "command_line_arguments": "C:\\Users\\Hazim\\anaconda3\\envs\\unityenv\\Scripts\\mlagents-learn .\\Droneconfig.yaml --run-id=Run 8 --torch-device cpu --force",
        "mlagents_version": "0.28.0",
        "mlagents_envs_version": "0.28.0",
        "communication_protocol_version": "1.5.0",
        "pytorch_version": "1.7.1+cu110",
        "numpy_version": "1.21.6",
        "end_time_seconds": "1701302210"
    },
    "total": 8431.206470199999,
    "count": 1,
    "self": 0.006757499997547711,
    "children": {
        "run_training.setup": {
            "total": 0.12242970000000009,
            "count": 1,
            "self": 0.12242970000000009
        },
        "TrainerController.start_learning": {
            "total": 8431.077283,
            "count": 1,
            "self": 32.8206411999854,
            "children": {
                "TrainerController._reset_env": {
                    "total": 8.3144329,
                    "count": 1,
                    "self": 8.3144329
                },
                "TrainerController.advance": {
                    "total": 8389.870621200014,
                    "count": 997765,
                    "self": 15.822572199898786,
                    "children": {
                        "env_step": {
                            "total": 8374.048049000115,
                            "count": 997765,
                            "self": 6417.255354099435,
                            "children": {
                                "SubprocessEnvManager._take_step": {
                                    "total": 1941.923599900307,
                                    "count": 997765,
                                    "self": 66.49138580013573,
                                    "children": {
                                        "TorchPolicy.evaluate": {
                                            "total": 1875.4322141001712,
                                            "count": 995559,
                                            "self": 245.21531660022674,
                                            "children": {
                                                "TorchPolicy.sample_actions": {
                                                    "total": 1630.2168974999445,
                                                    "count": 995559,
                                                    "self": 1630.2168974999445
                                                }
                                            }
                                        }
                                    }
                                },
                                "workers": {
                                    "total": 14.869095000373402,
                                    "count": 997764,
                                    "self": 0.0,
                                    "children": {
                                        "worker_root": {
                                            "total": 8325.017100999492,
                                            "count": 997764,
                                            "is_parallel": true,
                                            "self": 3945.238823200092,
                                            "children": {
                                                "steps_from_proto": {
                                                    "total": 0.0005475000000005892,
                                                    "count": 1,
                                                    "is_parallel": true,
                                                    "self": 0.00014339999999890551,
                                                    "children": {
                                                        "_process_rank_one_or_two_observation": {
                                                            "total": 0.00040410000000168367,
                                                            "count": 12,
                                                            "is_parallel": true,
                                                            "self": 0.00040410000000168367
                                                        }
                                                    }
                                                },
                                                "UnityEnvironment.step": {
                                                    "total": 4379.7777302994,
                                                    "count": 997764,
                                                    "is_parallel": true,
                                                    "self": 160.97067009938473,
                                                    "children": {
                                                        "UnityEnvironment._generate_step_input": {
                                                            "total": 113.8113578002438,
                                                            "count": 997764,
                                                            "is_parallel": true,
                                                            "self": 113.8113578002438
                                                        },
                                                        "communicator.exchange": {
                                                            "total": 3564.949199100085,
                                                            "count": 997764,
                                                            "is_parallel": true,
                                                            "self": 3564.949199100085
                                                        },
                                                        "steps_from_proto": {
                                                            "total": 540.0465032996867,
                                                            "count": 997764,
                                                            "is_parallel": true,
                                                            "self": 153.7492083025234,
                                                            "children": {
                                                                "_process_rank_one_or_two_observation": {
                                                                    "total": 386.2972949971633,
                                                                    "count": 11973168,
                                                                    "is_parallel": true,
                                                                    "self": 386.2972949971633
                                                                }
                                                            }
                                                        }
                                                    }
                                                }
                                            }
                                        }
                                    }
                                }
                            }
                        }
                    }
                },
                "TrainerController._save_models": {
                    "total": 0.07158770000023651,
                    "count": 1,
                    "self": 0.0014287000012700446,
                    "children": {
                        "RLTrainer._checkpoint": {
                            "total": 0.07015899999896646,
                            "count": 1,
                            "self": 0.07015899999896646
                        }
                    }
                }
            }
        }
    }
}