{
    "name": "root",
    "gauges": {
        "DroneBehavior.Policy.Entropy.mean": {
            "value": 1.4218294620513916,
            "min": 1.4189382791519165,
            "max": 1.433931589126587,
            "count": 70
        },
        "DroneBehavior.Policy.Entropy.sum": {
            "value": 71171.09375,
            "min": 70850.765625,
            "max": 71881.03125,
            "count": 70
        },
        "DroneBehavior.Step.mean": {
            "value": 3499973.0,
            "min": 49876.0,
            "max": 3499973.0,
            "count": 70
        },
        "DroneBehavior.Step.sum": {
            "value": 3499973.0,
            "min": 49876.0,
            "max": 3499973.0,
            "count": 70
        },
        "DroneBehavior.Policy.ExtrinsicValueEstimate.mean": {
            "value": -0.1020582839846611,
            "min": -0.4414755403995514,
            "max": 0.007367322687059641,
            "count": 70
        },
        "DroneBehavior.Policy.ExtrinsicValueEstimate.sum": {
            "value": -41.02743148803711,
            "min": -177.0316925048828,
            "max": 2.954296350479126,
            "count": 70
        },
        "DroneBehavior.Environment.EpisodeLength.mean": {
            "value": 1688.2333333333333,
            "min": 1634.0,
            "max": 1749.0,
            "count": 70
        },
        "DroneBehavior.Environment.EpisodeLength.sum": {
            "value": 50647.0,
            "min": 45752.0,
            "max": 55968.0,
            "count": 70
        },
        "DroneBehavior.Environment.CumulativeReward.mean": {
            "value": -28.922360527515412,
            "min": -82.00890693494252,
            "max": -23.779878958066305,
            "count": 70
        },
        "DroneBehavior.Environment.CumulativeReward.sum": {
            "value": -867.6708158254623,
            "min": -2372.7670677900314,
            "max": -713.3963687419891,
            "count": 70
        },
        "DroneBehavior.Policy.ExtrinsicReward.mean": {
            "value": -28.922360527515412,
            "min": -82.00890693494252,
            "max": -23.779878958066305,
            "count": 70
        },
        "DroneBehavior.Policy.ExtrinsicReward.sum": {
            "value": -867.6708158254623,
            "min": -2372.7670677900314,
            "max": -713.3963687419891,
            "count": 70
        },
        "DroneBehavior.IsTraining.mean": {
            "value": 1.0,
            "min": 1.0,
            "max": 1.0,
            "count": 70
        },
        "DroneBehavior.IsTraining.sum": {
            "value": 1.0,
            "min": 1.0,
            "max": 1.0,
            "count": 70
        },
        "DroneBehavior.Losses.PolicyLoss.mean": {
            "value": 0.018478976817681944,
            "min": 0.014811919266018473,
            "max": 0.021761468346615704,
            "count": 69
        },
        "DroneBehavior.Losses.PolicyLoss.sum": {
            "value": 0.018478976817681944,
            "min": 0.014811919266018473,
            "max": 0.021761468346615704,
            "count": 69
        },
        "DroneBehavior.Losses.ValueLoss.mean": {
            "value": 1.0515804177977972,
            "min": 0.0016767423933035592,
            "max": 4.338561798756321,
            "count": 69
        },
        "DroneBehavior.Losses.ValueLoss.sum": {
            "value": 1.0515804177977972,
            "min": 0.0016767423933035592,
            "max": 4.338561798756321,
            "count": 69
        },
        "DroneBehavior.Policy.LearningRate.mean": {
            "value": 3.092450907556001e-05,
            "min": 3.092450907556001e-05,
            "max": 9.899992100008001e-05,
            "count": 69
        },
        "DroneBehavior.Policy.LearningRate.sum": {
            "value": 3.092450907556001e-05,
            "min": 3.092450907556001e-05,
            "max": 9.899992100008001e-05,
            "count": 69
        },
        "DroneBehavior.Policy.Epsilon.mean": {
            "value": 0.13092444,
            "min": 0.13092444,
            "max": 0.19899992,
            "count": 69
        },
        "DroneBehavior.Policy.Epsilon.sum": {
            "value": 0.13092444,
            "min": 0.13092444,
            "max": 0.19899992,
            "count": 69
        },
        "DroneBehavior.Policy.Beta.mean": {
            "value": 0.001553129556,
            "min": 0.001553129556,
            "max": 0.004950096008,
            "count": 69
        },
        "DroneBehavior.Policy.Beta.sum": {
            "value": 0.001553129556,
            "min": 0.001553129556,
            "max": 0.004950096008,
            "count": 69
        }
    },
    "metadata": {
        "timer_format_version": "0.1.0",
        "start_time_seconds": "1700744086",
        "python_version": "3.7.16 (default, Jan 17 2023, 16:06:28) [MSC v.1916 64 bit (AMD64)]",
        "command_line_arguments": "C:\\Users\\Hazim\\anaconda3\\envs\\unityenv\\Scripts\\mlagents-learn .\\Droneconfig.yaml --run-id=Run 5 --torch-device cpu --force",
        "mlagents_version": "0.28.0",
        "mlagents_envs_version": "0.28.0",
        "communication_protocol_version": "1.5.0",
        "pytorch_version": "1.7.1+cu110",
        "numpy_version": "1.21.6",
        "end_time_seconds": "1700749705"
    },
    "total": 5619.2376191,
    "count": 1,
    "self": 0.004644800000278337,
    "children": {
        "run_training.setup": {
            "total": 0.0654808,
            "count": 1,
            "self": 0.0654808
        },
        "TrainerController.start_learning": {
            "total": 5619.1674935,
            "count": 1,
            "self": 21.198563600228226,
            "children": {
                "TrainerController._reset_env": {
                    "total": 8.9793657,
                    "count": 1,
                    "self": 8.9793657
                },
                "TrainerController.advance": {
                    "total": 5588.9298872997715,
                    "count": 879086,
                    "self": 10.03100049983641,
                    "children": {
                        "env_step": {
                            "total": 5578.898886799935,
                            "count": 879086,
                            "self": 4260.8727623,
                            "children": {
                                "SubprocessEnvManager._take_step": {
                                    "total": 1308.0424018998074,
                                    "count": 879086,
                                    "self": 44.04966620021105,
                                    "children": {
                                        "TorchPolicy.evaluate": {
                                            "total": 1263.9927356995963,
                                            "count": 877626,
                                            "self": 153.32699179975225,
                                            "children": {
                                                "TorchPolicy.sample_actions": {
                                                    "total": 1110.665743899844,
                                                    "count": 877626,
                                                    "self": 1110.665743899844
                                                }
                                            }
                                        }
                                    }
                                },
                                "workers": {
                                    "total": 9.98372260012707,
                                    "count": 879085,
                                    "self": 0.0,
                                    "children": {
                                        "worker_root": {
                                            "total": 5590.270473900091,
                                            "count": 879085,
                                            "is_parallel": true,