{"count":1,"self":114.488384,"total":116.8150465,"children":{"InitializeActuators":{"count":1,"self":0.00201,"total":0.00201,"children":null},"InitializeSensors":{"count":1,"self":0.0015291999999999999,"total":0.0015291999999999999,"children":null},"AgentSendState":{"count":5570,"self":0.2796529,"total":0.3369462,"children":{"CollectObservations":{"count":2785,"self":0.0152089,"total":0.0152089,"children":null},"WriteActionMask":{"count":2785,"self":0.0050358999999999994,"total":0.0050358999999999994,"children":null},"RequestDecision":{"count":2785,"self":0.0370485,"total":0.0370485,"children":null}}},"DecideAction":{"count":5570,"self":1.9027167999999999,"total":1.9580172999999998,"children":{"RayPerceptionSensor.Perceive":{"count":11140,"self":0.055300499999999995,"total":0.055300499999999995,"children":null}}},"AgentAct":{"count":5570,"self":0.027136399999999998,"total":0.027136399999999998,"children":null}},"gauges":{"DroneBehavior.CumulativeReward":{"count":6,"max":92.54814,"min":-104.01693,"runningAverage":-58.01389,"value":-103.343925,"weightedAverage":-72.1301041}},"metadata":{"timer_format_version":"0.1.0","start_time_seconds":"1700855676","unity_version":"2022.3.10f1","command_line_arguments":"C:\\Program Files\\Unity\\Hub\\Editor\\2022.3.10f1\\Editor\\Unity.exe -projectpath C:\\unity\\Delivery-drone-AI -useHub -hubIPC -cloudEnvironment production -licensingIpc LicenseClient-Hazim -hubSessionId 82b93b7a-2357-41ca-b48c-24f949f6c769 -accessToken emwlkM9-BfYZVJgPAZF5SnxLIQfrKNtDcKVqIWnyI0o007f","communication_protocol_version":"1.5.0","com.unity.ml-agents_version":"2.0.1","scene_name":"Inference scene","end_time_seconds":"1700855793"}}