{"count":1,"self":1259.939328,"total":6051.4965578,"children":{"InitializeActuators":{"count":4,"self":0.0015049999999999998,"total":0.0015049999999999998,"children":null},"InitializeSensors":{"count":4,"self":0.0025174999999999998,"total":0.0025174999999999998,"children":null},"AgentSendState":{"count":2000151,"self":243.34236159999998,"total":345.52883429999997,"children":{"CollectObservations":{"count":4000304,"self":4.9481252,"total":4.9481250999999995,"children":null},"WriteActionMask":{"count":4000304,"self":2.2783392,"total":2.2783390999999997,"children":null},"RequestDecision":{"count":4000304,"self":10.8055136,"total":94.9600025,"children":{"AgentInfo.ToProto":{"count":4000304,"self":8.5287784,"total":84.154489,"children":{"GenerateSensorData":{"count":4000304,"self":54.834047999999996,"total":75.6257109,"children":{"RayPerceptionSensor.Perceive":{"count":16001216,"self":20.791664,"total":20.7916643,"children":null}}}}}}}}},"DecideAction":{"count":2000151,"self":4428.6107648,"total":4428.6108631,"children":null},"AgentAct":{"count":2000151,"self":17.33068,"total":17.405106699999997,"children":{"AgentInfo.ToProto":{"count":2521,"self":0.0085378,"total":0.074427,"children":{"GenerateSensorData":{"count":2521,"self":0.0433738,"total":0.0658892,"children":{"RayPerceptionSensor.Perceive":{"count":10084,"self":0.022515399999999998,"total":0.022515399999999998,"children":null}}}}}}},"AgentInfo.ToProto":{"count":263,"self":0.0030091,"total":0.0075232999999999993,"children":{"GenerateSensorData":{"count":263,"self":0.0035109,"total":0.0045141999999999995,"children":{"RayPerceptionSensor.Perceive":{"count":1052,"self":0.0010033,"total":0.0010033,"children":null}}}}}},"gauges":{"DroneBehavior.CumulativeReward":{"count":2784,"max":4.999,"min":-11.6758671,"runningAverage":-3.42718029,"value":-4.42047358,"weightedAverage":-3.53456974}},"metadata":{"timer_format_version":"0.1.0","start_time_seconds":"1700076193","unity_version":"2022.3.10f1","command_line_arguments":"C:\\Program Files\\Unity\\Hub\\Editor\\2022.3.10f1\\Editor\\Unity.exe -projectpath C:\\unity\\Delivery-drone-AI -useHub -hubIPC -cloudEnvironment production -licensingIpc LicenseClient-Hazim -hubSessionId 79dc00a3-e6a7-4d40-a1a7-94f9916e25ef -accessToken N7ybczd_VNUz-Tb0jvlzsbmqJVgT7nchCBoAwiYeBxk007f","communication_protocol_version":"1.5.0","com.unity.ml-agents_version":"2.0.1","scene_name":"SimplePoly City - Low Poly Assets_Demo Scene","end_time_seconds":"1700082245"}}