{"count":1,"self":2503.5687936,"total":12497.1348594,"children":{"InitializeActuators":{"count":4,"self":0.0015071,"total":0.0015071,"children":null},"InitializeSensors":{"count":4,"self":0.0025111,"total":0.0025111,"children":null},"AgentSendState":{"count":3500117,"self":873.44035839999992,"total":1089.5407132,"children":{"CollectObservations":{"count":7000236,"self":9.5013296,"total":9.5013291999999989,"children":null},"WriteActionMask":{"count":7000236,"self":3.9455167999999996,"total":3.9455167999999996,"children":null},"RequestDecision":{"count":7000236,"self":20.7326448,"total":202.65353729999998,"children":{"AgentInfo.ToProto":{"count":7000236,"self":16.1749008,"total":181.9208922,"children":{"GenerateSensorData":{"count":7000236,"self":121.76277759999999,"total":165.74599189999998,"children":{"RayPerceptionSensor.Perceive":{"count":35001180,"self":43.983209599999995,"total":43.983210299999996,"children":null}}}}}}}}},"DecideAction":{"count":3500117,"self":8872.258764799999,"total":8872.2590847,"children":null},"AgentAct":{"count":3500117,"self":30.735683199999997,"total":30.803545699999997,"children":{"AgentInfo.ToProto":{"count":2107,"self":0.0117815,"total":0.0678638,"children":{"GenerateSensorData":{"count":2107,"self":0.040060899999999997,"total":0.056082299999999995,"children":{"RayPerceptionSensor.Perceive":{"count":10535,"self":0.016021399999999998,"total":0.016021399999999998,"children":null}}}}}}},"AgentInfo.ToProto":{"count":24150,"self":0.1386288,"total":0.9576079999999999,"children":{"GenerateSensorData":{"count":24150,"self":0.58060139999999993,"total":0.8189792,"children":{"RayPerceptionSensor.Perceive":{"count":120750,"self":0.2383778,"total":0.2383778,"children":null}}}}}},"gauges":{"DroneBehavior.CumulativeReward":{"count":26257,"max":120.985237,"min":-165.014679,"runningAverage":85.7012939,"value":99.59187,"weightedAverage":99.0734}},"metadata":{"timer_format_version":"0.1.0","start_time_seconds":"1701273114","unity_version":"2022.3.10f1","command_line_arguments":"C:\\Program Files\\Unity\\Hub\\Editor\\2022.3.10f1\\Editor\\Unity.exe -projectpath C:\\unity\\Delivery-drone-AI -useHub -hubIPC -cloudEnvironment production -licensingIpc LicenseClient-Hazim -hubSessionId 445ed654-b988-4277-bddd-25af2cfa08c9 -accessToken OA11FFaOc87nVewl4dmNhREbqM0kvLVS2KIDsLr2lDU007f","communication_protocol_version":"1.5.0","com.unity.ml-agents_version":"2.0.1","scene_name":"Training scene","end_time_seconds":"1701285611"}}