{"count":1,"self":1932.8290815999999,"total":9416.3330544,"children":{"InitializeActuators":{"count":4,"self":0.0015124,"total":0.0015124,"children":null},"InitializeSensors":{"count":4,"self":0.0025233,"total":0.0025233,"children":null},"AgentSendState":{"count":2632851,"self":628.637696,"total":792.8016933,"children":{"CollectObservations":{"count":5265704,"self":6.8666312,"total":6.8666314999999996,"children":null},"WriteActionMask":{"count":5265704,"self":3.2083095999999998,"total":3.2083095999999998,"children":null},"RequestDecision":{"count":5265704,"self":15.4127888,"total":154.08905729999998,"children":{"AgentInfo.ToProto":{"count":5265704,"self":12.004952,"total":138.6762692,"children":{"GenerateSensorData":{"count":5265704,"self":93.2596736,"total":126.67131739999999,"children":{"RayPerceptionSensor.Perceive":{"count":26328520,"self":33.411641599999996,"total":33.4116415,"children":null}}}}}}}}},"DecideAction":{"count":2632851,"self":6669.7162751999995,"total":6669.7164685,"children":null},"AgentAct":{"count":2632851,"self":20.5051632,"total":20.566668099999998,"children":{"AgentInfo.ToProto":{"count":1778,"self":0.0055079,"total":0.0615043,"children":{"GenerateSensorData":{"count":1778,"self":0.0409823,"total":0.055996399999999995,"children":{"RayPerceptionSensor.Perceive":{"count":8890,"self":0.015014099999999999,"total":0.015014099999999999,"children":null}}}}}}},"AgentInfo.ToProto":{"count":10980,"self":0.044987599999999996,"total":0.4140384,"children":{"GenerateSensorData":{"count":10980,"self":0.2739232,"total":0.36905079999999996,"children":{"RayPerceptionSensor.Perceive":{"count":54900,"self":0.095127599999999993,"total":0.095127599999999993,"children":null}}}}}},"gauges":{"DroneBehavior.CumulativeReward":{"count":12758,"max":98.7283859,"min":-151.06572,"runningAverage":75.46782,"value":96.0188141,"weightedAverage":97.23291}},"metadata":{"timer_format_version":"0.1.0","start_time_seconds":"1701084869","unity_version":"2022.3.10f1","command_line_arguments":"C:\\Program Files\\Unity\\Hub\\Editor\\2022.3.10f1\\Editor\\Unity.exe -projectpath C:\\unity\\Delivery-drone-AI -useHub -hubIPC -cloudEnvironment production -licensingIpc LicenseClient-Hazim -hubSessionId c9790df7-2ff1-45ae-9378-06140a6988a6 -accessToken ETz60tSaZ91L5Tk9dcmzU0YdHmM7t3zbzqTsi_KmaWA007f","communication_protocol_version":"1.5.0","com.unity.ml-agents_version":"2.0.1","scene_name":"Training scene","end_time_seconds":"1701094285"}}