{"count":1,"self":2009.9149823999999,"total":10012.3754631,"children":{"InitializeActuators":{"count":4,"self":0.0020001,"total":0.0020001,"children":null},"InitializeSensors":{"count":4,"self":0.0025123999999999997,"total":0.0025123999999999997,"children":null},"AgentSendState":{"count":2486034,"self":530.2897664,"total":706.9132328,"children":{"CollectObservations":{"count":4972068,"self":8.4627008,"total":8.4627007,"children":null},"WriteActionMask":{"count":4972068,"self":3.5919436,"total":3.5919434999999997,"children":null},"RequestDecision":{"count":4972068,"self":17.300147199999998,"total":164.56884589999999,"children":{"AgentInfo.ToProto":{"count":4972068,"self":13.804736,"total":147.2686987,"children":{"GenerateSensorData":{"count":4972068,"self":99.2599424,"total":133.4639635,"children":{"RayPerceptionSensor.Perceive":{"count":24860340,"self":34.2040192,"total":34.2040194,"children":null}}}}}}}}},"DecideAction":{"count":2486034,"self":7269.8404863999995,"total":7269.8404409999994,"children":null},"AgentAct":{"count":2486034,"self":25.5604448,"total":25.694225,"children":{"AgentInfo.ToProto":{"count":3251,"self":0.013212999999999999,"total":0.1337807,"children":{"GenerateSensorData":{"count":3251,"self":0.0919941,"total":0.1205677,"children":{"RayPerceptionSensor.Perceive":{"count":16255,"self":0.028573599999999998,"total":0.028573599999999998,"children":null}}}}}}},"AgentInfo.ToProto":{"count":117,"self":0.0010175,"total":0.0070313999999999993,"children":{"GenerateSensorData":{"count":117,"self":0.0035058999999999997,"total":0.0060139,"children":{"RayPerceptionSensor.Perceive":{"count":585,"self":0.002508,"total":0.002508,"children":null}}}}}},"gauges":{"DroneBehavior.CumulativeReward":{"count":3368,"max":-20.294178,"min":-171.233932,"runningAverage":-41.10622,"value":-25.3229351,"weightedAverage":-23.46153}},"metadata":{"timer_format_version":"0.1.0","start_time_seconds":"1701208306","unity_version":"2022.3.10f1","command_line_arguments":"C:\\Program Files\\Unity\\Hub\\Editor\\2022.3.10f1\\Editor\\Unity.exe -projectpath C:\\unity\\Delivery-drone-AI -useHub -hubIPC -cloudEnvironment production -licensingIpc LicenseClient-Hazim -hubSessionId 56a89bec-0e28-497f-8c3b-d50dba1bd932 -accessToken SNxaonZOmekdFCuhO23R2ylHBjC_jwEgijehip2LILo007f","communication_protocol_version":"1.5.0","com.unity.ml-agents_version":"2.0.1","scene_name":"Training scene","end_time_seconds":"1701218318"}}