{"count":1,"self":2547.0711808,"total":11242.1735677,"children":{"InitializeActuators":{"count":4,"self":0.002561,"total":0.002561,"children":null},"InitializeSensors":{"count":4,"self":0.0025651,"total":0.0025651,"children":null},"AgentSendState":{"count":3000184,"self":714.8841984,"total":904.3477631,"children":{"CollectObservations":{"count":6000368,"self":8.4188464,"total":8.4188461,"children":null},"WriteActionMask":{"count":6000368,"self":3.5593456,"total":3.5593456999999997,"children":null},"RequestDecision":{"count":6000368,"self":18.8181168,"total":177.48535049999998,"children":{"AgentInfo.ToProto":{"count":6000368,"self":13.9831392,"total":158.66723439999998,"children":{"GenerateSensorData":{"count":6000368,"self":106.5590592,"total":144.6840954,"children":{"RayPerceptionSensor.Perceive":{"count":30001840,"self":38.125033599999995,"total":38.1250342,"children":null}}}}}}}}},"DecideAction":{"count":3000184,"self":7765.569536,"total":7765.5696192,"children":null},"AgentAct":{"count":3000184,"self":24.92364,"total":25.011986,"children":{"AgentInfo.ToProto":{"count":2785,"self":0.0139701,"total":0.0883467,"children":{"GenerateSensorData":{"count":2785,"self":0.0503141,"total":0.0743766,"children":{"RayPerceptionSensor.Perceive":{"count":13925,"self":0.0240625,"total":0.0240625,"children":null}}}}}}},"AgentInfo.ToProto":{"count":4122,"self":0.0259589,"total":0.1678712,"children":{"GenerateSensorData":{"count":4122,"self":0.10691569999999999,"total":0.1419123,"children":{"RayPerceptionSensor.Perceive":{"count":20610,"self":0.034996599999999996,"total":0.034996599999999996,"children":null}}}}}},"gauges":{"DroneBehavior.CumulativeReward":{"count":6907,"max":98.37317,"min":-231.466156,"runningAverage":35.1833076,"value":97.02149,"weightedAverage":53.03362}},"metadata":{"timer_format_version":"0.1.0","start_time_seconds":"1701001498","unity_version":"2022.3.10f1","command_line_arguments":"C:\\Program Files\\Unity\\Hub\\Editor\\2022.3.10f1\\Editor\\Unity.exe -projectpath C:\\unity\\Delivery-drone-AI -useHub -hubIPC -cloudEnvironment production -licensingIpc LicenseClient-Hazim -hubSessionId 1d955e61-f727-48d9-83dc-09f6014ba32c -accessToken qwZBfnt1E97ai4aexLjkOBWbmReiOEEker63A6GZmT0007f","communication_protocol_version":"1.5.0","com.unity.ml-agents_version":"2.0.1","scene_name":"Training scene","end_time_seconds":"1701012741"}}