{"count":1,"self":1038.6304,"total":5860.7633909999995,"children":{"InitializeActuators":{"count":4,"self":0.0020001999999999997,"total":0.0020001999999999997,"children":null},"InitializeSensors":{"count":4,"self":0.0025177999999999997,"total":0.0025177999999999997,"children":null},"AgentSendState":{"count":1330617,"self":245.49568,"total":336.3496934,"children":{"CollectObservations":{"count":1526020,"self":3.7143387999999997,"total":3.7143387,"children":null},"WriteActionMask":{"count":1526020,"self":1.4925102,"total":1.4925102,"children":null},"RequestDecision":{"count":1526020,"self":8.8050503999999989,"total":85.6471603,"children":{"AgentInfo.ToProto":{"count":1526020,"self":6.9419695999999993,"total":76.842109999999991,"children":{"GenerateSensorData":{"count":1526020,"self":51.999942399999995,"total":69.9001402,"children":{"RayPerceptionSensor.Perceive":{"count":9156120,"self":17.9001968,"total":17.900196299999998,"children":null}}}}}}}}},"DecideAction":{"count":1330617,"self":4470.5964032,"total":4470.5962352,"children":null},"AgentAct":{"count":1330617,"self":15.1407136,"total":15.18006,"children":{"AgentInfo.ToProto":{"count":736,"self":0.0090297,"total":0.039347,"children":{"GenerateSensorData":{"count":736,"self":0.019895899999999998,"total":0.0303173,"children":{"RayPerceptionSensor.Perceive":{"count":4416,"self":0.010421399999999999,"total":0.010421399999999999,"children":null}}}}}}},"AgentInfo.ToProto":{"count":48,"self":0,"total":0.0025134999999999997,"children":{"GenerateSensorData":{"count":48,"self":0.0025134999999999997,"total":0.0025134999999999997,"children":{"RayPerceptionSensor.Perceive":{"count":288,"self":0,"total":0,"children":null}}}}}},"gauges":{"DroneBehavior.CumulativeReward":{"count":781,"max":-51.4489479,"min":-233.46199,"runningAverage":-76.7285461,"value":-57.68217,"weightedAverage":-61.1495857}},"metadata":{"timer_format_version":"0.1.0","start_time_seconds":"1701349393","unity_version":"2022.3.10f1","command_line_arguments":"C:\\Program Files\\Unity 2022.3.10f1\\Editor\\Unity.exe -projectpath C:\\Users\\LEGION\\Desktop\\New folder\\Delivery-drone-AI -useHub -hubIPC -cloudEnvironment production -licensingIpc LicenseClient-m_n_y -hubSessionId 96f15bec-ac37-445e-947c-0b50d5bf4a90 -accessToken xQ6qJLQIFNWNtFKo81qS1MMWkvE5LmJ-C1jc7L7HhKM011f","communication_protocol_version":"1.5.0","com.unity.ml-agents_version":"2.0.1","scene_name":"Training scene","end_time_seconds":"1701355254"}}