{"count":1,"self":1894.7201023999999,"total":9361.6270260999991,"children":{"InitializeActuators":{"count":4,"self":0.00099969999999999985,"total":0.00099969999999999985,"children":null},"InitializeSensors":{"count":4,"self":0.0025128999999999998,"total":0.0025128999999999998,"children":null},"AgentSendState":{"count":3000151,"self":495.9150592,"total":652.2512489,"children":{"CollectObservations":{"count":6000304,"self":6.935384,"total":6.9353843,"children":null},"WriteActionMask":{"count":6000304,"self":3.3333988,"total":3.3333988999999997,"children":null},"RequestDecision":{"count":6000304,"self":16.8125312,"total":146.067412,"children":{"AgentInfo.ToProto":{"count":6000304,"self":12.7547752,"total":129.2548802,"children":{"GenerateSensorData":{"count":6000304,"self":86.4253888,"total":116.50010479999999,"children":{"RayPerceptionSensor.Perceive":{"count":24001216,"self":30.0747136,"total":30.0747137,"children":null}}}}}}}}},"DecideAction":{"count":3000151,"self":6794.2391807999993,"total":6794.2391529999995,"children":null},"AgentAct":{"count":3000151,"self":20.2767184,"total":20.3629173,"children":{"AgentInfo.ToProto":{"count":3226,"self":0.0075127,"total":0.0861986,"children":{"GenerateSensorData":{"count":3226,"self":0.0523938,"total":0.0786859,"children":{"RayPerceptionSensor.Perceive":{"count":12904,"self":0.0262921,"total":0.0262921,"children":null}}}}}}},"AgentInfo.ToProto":{"count":1474,"self":0.017537499999999998,"total":0.0490465,"children":{"GenerateSensorData":{"count":1474,"self":0.025901999999999998,"total":0.031508999999999995,"children":{"RayPerceptionSensor.Perceive":{"count":5896,"self":0.005607,"total":0.005607,"children":null}}}}}},"gauges":{"DroneBehavior.CumulativeReward":{"count":4700,"max":97.64549,"min":-182.031342,"runningAverage":7.02774429,"value":-23.9687023,"weightedAverage":26.051836}},"metadata":{"timer_format_version":"0.1.0","start_time_seconds":"1700845222","unity_version":"2022.3.10f1","command_line_arguments":"C:\\Program Files\\Unity\\Hub\\Editor\\2022.3.10f1\\Editor\\Unity.exe -projectpath C:\\unity\\Delivery-drone-AI -useHub -hubIPC -cloudEnvironment production -licensingIpc LicenseClient-Hazim -hubSessionId 82b93b7a-2357-41ca-b48c-24f949f6c769 -accessToken emwlkM9-BfYZVJgPAZF5SnxLIQfrKNtDcKVqIWnyI0o007f","communication_protocol_version":"1.5.0","com.unity.ml-agents_version":"2.0.1","scene_name":"Training scene","end_time_seconds":"1700854583"}}