{
    "name": "root",
    "gauges": {
        "DroneBehavior.Policy.Entropy.mean": {
            "value": 1.4219871759414673,
            "min": 1.418938398361206,
            "max": 1.4226727485656738,
            "count": 20
        },
        "DroneBehavior.Policy.Entropy.sum": {
            "value": 71070.921875,
            "min": 70808.0625,
            "max": 71559.8984375,
            "count": 20
        },
        "DroneBehavior.Step.mean": {
            "value": 999982.0,
            "min": 49872.0,
            "max": 999982.0,
            "count": 20
        },
        "DroneBehavior.Step.sum": {
            "value": 999982.0,
            "min": 49872.0,
            "max": 999982.0,
            "count": 20
        },
        "DroneBehavior.Policy.ExtrinsicValueEstimate.mean": {
            "value": 0.8755089640617371,
            "min": -0.000797154032625258,
            "max": 0.9010255932807922,
            "count": 20
        },
        "DroneBehavior.Policy.ExtrinsicValueEstimate.sum": {
            "value": 351.0791015625,
            "min": -0.3164701461791992,
            "max": 359.50921630859375,
            "count": 20
        },
        "DroneBehavior.Environment.EpisodeLength.mean": {
            "value": 2588.1,
            "min": 2508.0,
            "max": 2999.0,
            "count": 20
        },
        "DroneBehavior.Environment.EpisodeLength.sum": {
            "value": 51762.0,
            "min": 40128.0,
            "max": 53982.0,
            "count": 20
        },
        "DroneBehavior.Environment.CumulativeReward.mean": {
            "value": 260.15277725458145,
            "min": 114.23076331615448,
            "max": 318.4047017842531,
            "count": 20
        },
        "DroneBehavior.Environment.CumulativeReward.sum": {
            "value": 5203.055545091629,
            "min": 2056.1537396907806,
            "max": 5203.055545091629,
            "count": 20
        },
        "DroneBehavior.Policy.ExtrinsicReward.mean": {
            "value": 260.15277725458145,
            "min": 114.23076331615448,
            "max": 318.4047017842531,
            "count": 20
        },
        "DroneBehavior.Policy.ExtrinsicReward.sum": {
            "value": 5203.055545091629,
            "min": 2056.1537396907806,
            "max": 5203.055545091629,
            "count": 20
        },
        "DroneBehavior.IsTraining.mean": {
            "value": 1.0,
            "min": 1.0,
            "max": 1.0,
            "count": 20
        },
        "DroneBehavior.IsTraining.sum": {
            "value": 1.0,
            "min": 1.0,
            "max": 1.0,
            "count": 20
        },
        "DroneBehavior.Losses.PolicyLoss.mean": {
            "value": 0.017405465682612784,
            "min": 0.01453429288812913,
            "max": 0.019993550687407453,
            "count": 19
        },
        "DroneBehavior.Losses.PolicyLoss.sum": {
            "value": 0.017405465682612784,
            "min": 0.01453429288812913,
            "max": 0.019993550687407453,
            "count": 19
        },
        "DroneBehavior.Losses.ValueLoss.mean": {
            "value": 0.028114046720373962,
            "min": 0.004736628926669558,
            "max": 0.09815656621423033,
            "count": 19
        },
        "DroneBehavior.Losses.ValueLoss.sum": {
            "value": 0.028114046720373962,
            "min": 0.004736628926669558,
            "max": 0.09815656621423033,
            "count": 19
        },
        "DroneBehavior.Policy.LearningRate.mean": {
            "value": 4.867295132800006e-06,
            "min": 4.867295132800006e-06,
            "max": 9.49872050128e-05,
            "count": 19
        },
        "DroneBehavior.Policy.LearningRate.sum": {
            "value": 4.867295132800006e-06,
            "min": 4.867295132800006e-06,
            "max": 9.49872050128e-05,
            "count": 19
        },
        "DroneBehavior.Policy.Epsilon.mean": {
            "value": 0.10486720000000002,
            "min": 0.10486720000000002,
            "max": 0.19498720000000003,
            "count": 19
        },
        "DroneBehavior.Policy.Epsilon.sum": {
            "value": 0.10486720000000002,
            "min": 0.10486720000000002,
            "max": 0.19498720000000003,
            "count": 19
        },
        "DroneBehavior.Policy.Beta.mean": {
            "value": 0.00025287328000000027,
            "min": 0.00025287328000000027,
            "max": 0.00474986128,
            "count": 19
        },
        "DroneBehavior.Policy.Beta.sum": {
            "value": 0.00025287328000000027,
            "min": 0.00025287328000000027,
            "max": 0.00474986128,
            "count": 19
        }
    },
    "metadata": {
        "timer_format_version": "0.1.0",
        "start_time_seconds": "1700212727",
        "python_version": "3.7.16 (default, Jan 17 2023, 16:06:28) [MSC v.1916 64 bit (AMD64)]",
        "command_line_arguments": "C:\\Users\\Hazim\\anaconda3\\envs\\unityenv\\Scripts\\mlagents-learn .\\Droneconfig.yaml --run-id=Run 3 --torch-device cpu",
        "mlagents_version": "0.28.0",
        "mlagents_envs_version": "0.28.0",
        "communication_protocol_version": "1.5.0",
        "pytorch_version": "1.7.1+cu110",
        "numpy_version": "1.21.6",
        "end_time_seconds": "1700214323"
    },
    "total": 1596.4170148,
    "count": 1,
    "self": 0.007900300000073912,
    "children": {
        "run_training.setup": {
            "total": 0.09733709999999984,
            "count": 1,
            "self": 0.09733709999999984
        },
        "TrainerController.start_learning": {
            "total": 1596.3117774,
            "count": 1,
            "self": 6.533442800046032,
            "children": {
                "TrainerController._reset_env": {
                    "total": 12.334659199999999,
                    "count": 1,
                    "self": 12.334659199999999
                },
                "TrainerController.advance": {
                    "total": 1577.382666199954,
                    "count": 250121,
                    "self": 3.184970499897645,
                    "children": {
                        "env_step": {
                            "total": 1574.1976957000563,
                            "count": 250121,
                            "self": 1171.463932100107,
                            "children": {
                                "SubprocessEnvManager._take_step": {
                                    "total": 399.6513666999751,
                                    "count": 250122,
                                    "self": 14.179813599967531,
                                    "children": {
                                        "TorchPolicy.evaluate": {
                                            "total": 385.47155310000755,
                                            "count": 250122,
                                            "self": 48.920980899984784,
                                            "children": {
                                                "TorchPolicy.sample_actions": {
                                                    "total": 336.55057220002277,
                                                    "count": 250122,
                                                    "self": 336.55057220002277
                                                }
                                            }
                                        }
                                    }
                                },
                                "workers": {
                                    "total": 3.0823968999742384,
                                    "count": 250121,
                                    "self": 0.0,
                                    "children": {
                                        "worker_root": {
                                            "total": 1556.5809129000243,