{
    "name": "root",
    "gauges": {
        "DroneBehavior.Policy.Entropy.mean": {
            "value": 1.4293441772460938,
            "min": 1.4189382791519165,
            "max": 1.4334253072738647,
            "count": 82
        },
        "DroneBehavior.Policy.Entropy.sum": {
            "value": 71364.296875,
            "min": 70953.0859375,
            "max": 71878.3984375,
            "count": 82
        },
        "DroneBehavior.Step.mean": {
            "value": 4099985.0,
            "min": 49907.0,
            "max": 4099985.0,
            "count": 82
        },
        "DroneBehavior.Step.sum": {
            "value": 4099985.0,
            "min": 49907.0,
            "max": 4099985.0,
            "count": 82
        },
        "DroneBehavior.Policy.ExtrinsicValueEstimate.mean": {
            "value": -0.0323215052485466,
            "min": -0.792299747467041,
            "max": 0.5731049180030823,
            "count": 82
        },
        "DroneBehavior.Policy.ExtrinsicValueEstimate.sum": {
            "value": -13.025566101074219,
            "min": -317.7121887207031,
            "max": 231.5343780517578,
            "count": 82
        },
        "DroneBehavior.Environment.EpisodeLength.mean": {
            "value": 1405.361111111111,
            "min": 1143.0697674418604,
            "max": 1749.0,
            "count": 82
        },
        "DroneBehavior.Environment.EpisodeLength.sum": {
            "value": 50593.0,
            "min": 47190.0,
            "max": 54219.0,
            "count": 82
        },
        "DroneBehavior.Environment.CumulativeReward.mean": {
            "value": -19.522773909899925,
            "min": -100.83524765173594,
            "max": 75.05680000782013,
            "count": 82
        },
        "DroneBehavior.Environment.CumulativeReward.sum": {
            "value": -702.8198607563972,
            "min": -3025.0574295520782,
            "max": 2101.5904002189636,
            "count": 82
        },
        "DroneBehavior.Policy.ExtrinsicReward.mean": {
            "value": -19.522773909899925,
            "min": -100.83524765173594,
            "max": 75.05680000782013,
            "count": 82
        },
        "DroneBehavior.Policy.ExtrinsicReward.sum": {
            "value": -702.8198607563972,
            "min": -3025.0574295520782,
            "max": 2101.5904002189636,
            "count": 82
        },
        "DroneBehavior.IsTraining.mean": {
            "value": 1.0,
            "min": 1.0,
            "max": 1.0,
            "count": 82
        },
        "DroneBehavior.IsTraining.sum": {
            "value": 1.0,
            "min": 1.0,
            "max": 1.0,
            "count": 82
        },
        "DroneBehavior.Losses.PolicyLoss.mean": {
            "value": 0.017936799418142375,
            "min": 0.01377921185970384,
            "max": 0.02062667754135974,
            "count": 81
        },
        "DroneBehavior.Losses.PolicyLoss.sum": {
            "value": 0.017936799418142375,
            "min": 0.01377921185970384,
            "max": 0.02062667754135974,
            "count": 81
        },
        "DroneBehavior.Losses.ValueLoss.mean": {
            "value": 1.468529109739595,
            "min": 0.001802186350687407,
            "max": 5.367866319500738,
            "count": 81
        },
        "DroneBehavior.Losses.ValueLoss.sum": {
            "value": 1.468529109739595,
            "min": 0.001802186350687407,
            "max": 5.367866319500738,
            "count": 81
        },
        "DroneBehavior.Policy.LearningRate.mean": {
            "value": 1.889710110298e-05,
            "min": 1.889710110298e-05,
            "max": 9.899930100070004e-05,
            "count": 81
        },
        "DroneBehavior.Policy.LearningRate.sum": {
            "value": 1.889710110298e-05,
            "min": 1.889710110298e-05,
            "max": 9.899930100070004e-05,
            "count": 81
        },
        "DroneBehavior.Policy.Epsilon.mean": {
            "value": 0.11889702,
            "min": 0.11889702,
            "max": 0.19899930000000005,
            "count": 81
        },
        "DroneBehavior.Policy.Epsilon.sum": {
            "value": 0.11889702,
            "min": 0.11889702,
            "max": 0.19899930000000005,
            "count": 81
        },
        "DroneBehavior.Policy.Beta.mean": {
            "value": 0.0009529612979999999,
            "min": 0.0009529612979999999,
            "max": 0.00495006507,
            "count": 81
        },
        "DroneBehavior.Policy.Beta.sum": {
            "value": 0.0009529612979999999,
            "min": 0.0009529612979999999,
            "max": 0.00495006507,
            "count": 81
        }
    },
    "metadata": {
        "timer_format_version": "0.1.0",
        "start_time_seconds": "1700761905",
        "python_version": "3.7.16 (default, Jan 17 2023, 16:06:28) [MSC v.1916 64 bit (AMD64)]",
        "command_line_arguments": "C:\\Users\\Hazim\\anaconda3\\envs\\unityenv\\Scripts\\mlagents-learn .\\Droneconfig.yaml --run-id=Run 1 --torch-device cpu --force",
        "mlagents_version": "0.28.0",
        "mlagents_envs_version": "0.28.0",
        "communication_protocol_version": "1.5.0",
        "pytorch_version": "1.7.1+cu110",
        "numpy_version": "1.21.6",
        "end_time_seconds": "1700768680"
    },
    "total": 6775.031184,
    "count": 1,
    "self": 0.004134200000407873,
    "children": {
        "run_training.setup": {
            "total": 0.0648898,
            "count": 1,
            "self": 0.0648898
        },
        "TrainerController.start_learning": {
            "total": 6774.96216,
            "count": 1,
            "self": 24.57768220001617,
            "children": {
                "TrainerController._reset_env": {
                    "total": 10.118773299999999,
                    "count": 1,
                    "self": 10.118773299999999
                },
                "TrainerController.advance": {
                    "total": 6740.1826903999845,
                    "count": 1036342,
                    "self": 11.812772699836387,
                    "children": {
                        "env_step": {
                            "total": 6728.369917700148,
                            "count": 1036342,
                            "self": 5222.538360300046,
                            "children": {
                                "SubprocessEnvManager._take_step": {
                                    "total": 1494.1712852000028,
                                    "count": 1036342,
                                    "self": 51.006595599638786,
                                    "children": {
                                        "TorchPolicy.evaluate": {
                                            "total": 1443.164689600364,
                                            "count": 1034827,
                                            "self": 181.9129403006964,
                                            "children": {
                                                "TorchPolicy.sample_actions": {
                                                    "total": 1261.2517492996676,
                                                    "count": 1034827,
                                                    "self": 1261.2517492996676
                                                }
                                            }
                                        }
                                    }
                                },
                                "workers": {
                                    "total": 11.660272200098492,
                                    "count": 1036342,
                                    "self": 0.0,
                                    "children": {
                                        "worker_root": {
                                            "total": 6741.304481899989,
                                            "count": 1036342,