{
    "name": "root",
    "gauges": {
        "DroneBehavior.Policy.Entropy.mean": {
            "value": 1.3216191530227661,
            "min": 1.3216191530227661,
            "max": 1.4819923639297485,
            "count": 180
        },
        "DroneBehavior.Policy.Entropy.sum": {
            "value": 66102.1015625,
            "min": 65913.234375,
            "max": 74135.1875,
            "count": 180
        },
        "DroneBehavior.Step.mean": {
            "value": 8999929.0,
            "min": 49989.0,
            "max": 8999929.0,
            "count": 180
        },
        "DroneBehavior.Step.sum": {
            "value": 8999929.0,
            "min": 49989.0,
            "max": 8999929.0,
            "count": 180
        },
        "DroneBehavior.Policy.ExtrinsicValueEstimate.mean": {
            "value": -0.2176804542541504,
            "min": -0.5465428233146667,
            "max": 0.00815887562930584,
            "count": 180
        },
        "DroneBehavior.Policy.ExtrinsicValueEstimate.sum": {
            "value": -87.07218170166016,
            "min": -218.61712646484375,
            "max": 3.3125033378601074,
            "count": 180
        },
        "DroneBehavior.Environment.EpisodeLength.mean": {
            "value": 1749.0,
            "min": 1260.1081081081081,
            "max": 1749.0,
            "count": 180
        },
        "DroneBehavior.Environment.EpisodeLength.sum": {
            "value": 48972.0,
            "min": 46624.0,
            "max": 53098.0,
            "count": 180
        },
        "DroneBehavior.Environment.CumulativeReward.mean": {
            "value": -38.813848968063084,
            "min": -106.94154618881844,
            "max": -34.284738928079605,
            "count": 180
        },
        "DroneBehavior.Environment.CumulativeReward.sum": {
            "value": -1086.7877711057663,
            "min": -3956.8372089862823,
            "max": -959.9726899862289,
            "count": 180
        },
        "DroneBehavior.Policy.ExtrinsicReward.mean": {
            "value": -38.813848968063084,
            "min": -106.94154618881844,
            "max": -34.284738928079605,
            "count": 180
        },
        "DroneBehavior.Policy.ExtrinsicReward.sum": {
            "value": -1086.7877711057663,
            "min": -3956.8372089862823,
            "max": -959.9726899862289,
            "count": 180
        },
        "DroneBehavior.IsTraining.mean": {
            "value": 1.0,
            "min": 1.0,
            "max": 1.0,
            "count": 180
        },
        "DroneBehavior.IsTraining.sum": {
            "value": 1.0,
            "min": 1.0,
            "max": 1.0,
            "count": 180
        },
        "DroneBehavior.Losses.PolicyLoss.mean": {
            "value": 0.009379273732958137,
            "min": 0.005044293995111999,
            "max": 0.013706096743354228,
            "count": 179
        },
        "DroneBehavior.Losses.PolicyLoss.sum": {
            "value": 0.009379273732958137,
            "min": 0.005044293995111999,
            "max": 0.013706096743354228,
            "count": 179
        },
        "DroneBehavior.Losses.ValueLoss.mean": {
            "value": 0.0005032839533803915,
            "min": 0.000454564822441036,
            "max": 13.421682816964609,
            "count": 179
        },
        "DroneBehavior.Losses.ValueLoss.sum": {
            "value": 0.0005032839533803915,
            "min": 0.000454564822441036,
            "max": 13.421682816964609,
            "count": 179
        },
        "DroneBehavior.Policy.LearningRate.mean": {
            "value": 4.333099566700032e-06,
            "min": 4.333099566700032e-06,
            "max": 0.0009944314450013,
            "count": 179
        },
        "DroneBehavior.Policy.LearningRate.sum": {
            "value": 4.333099566700032e-06,
            "min": 4.333099566700032e-06,
            "max": 0.0009944314450013,
            "count": 179
        },
        "DroneBehavior.Policy.Epsilon.mean": {
            "value": 0.10043330000000002,
            "min": 0.10043330000000002,
            "max": 0.19944314444444444,
            "count": 179
        },
        "DroneBehavior.Policy.Epsilon.sum": {
            "value": 0.10043330000000002,
            "min": 0.10043330000000002,
            "max": 0.19944314444444444,
            "count": 179
        },
        "DroneBehavior.Policy.Beta.mean": {
            "value": 3.1621670000000156e-05,
            "min": 3.1621670000000156e-05,
            "max": 0.004972212907777778,
            "count": 179
        },
        "DroneBehavior.Policy.Beta.sum": {
            "value": 3.1621670000000156e-05,
            "min": 3.1621670000000156e-05,
            "max": 0.004972212907777778,
            "count": 179
        }
    },
    "metadata": {
        "timer_format_version": "0.1.0",
        "start_time_seconds": "1701302523",
        "python_version": "3.7.16 (default, Jan 17 2023, 16:06:28) [MSC v.1916 64 bit (AMD64)]",
        "command_line_arguments": "C:\\Users\\Hazim\\anaconda3\\envs\\unityenv\\Scripts\\mlagents-learn .\\Droneconfig.yaml --run-id=Run 9 --torch-device cpu",
        "mlagents_version": "0.28.0",
        "mlagents_envs_version": "0.28.0",
        "communication_protocol_version": "1.5.0",
        "pytorch_version": "1.7.1+cu110",
        "numpy_version": "1.21.6",
        "end_time_seconds": "1701318365"
    },
    "total": 15842.173648299999,
    "count": 1,
    "self": 0.009314299997640774,
    "children": {
        "run_training.setup": {
            "total": 0.07664559999999998,
            "count": 1,
            "self": 0.07664559999999998
        },
        "TrainerController.start_learning": {
            "total": 15842.0876884,
            "count": 1,
            "self": 60.450042900642075,
            "children": {
                "TrainerController._reset_env": {
                    "total": 9.720749000000001,
                    "count": 1,
                    "self": 9.720749000000001
                },
                "TrainerController.advance": {
                    "total": 15771.84882819936,
                    "count": 2252098,
                    "self": 27.231422898887104,
                    "children": {
                        "env_step": {
                            "total": 15744.617405300472,
                            "count": 2252098,
                            "self": 11985.005773501018,
                            "children": {
                                "SubprocessEnvManager._take_step": {
                                    "total": 3731.57569429908,
                                    "count": 2252098,
                                    "self": 119.47457079840979,
                                    "children": {
                                        "TorchPolicy.evaluate": {
                                            "total": 3612.1011235006704,
                                            "count": 2250060,
                                            "self": 438.2702801996711,
                                            "children": {
                                                "TorchPolicy.sample_actions": {
                                                    "total": 3173.8308433009993,
                                                    "count": 2250060,
                                                    "self": 3173.8308433009993
                                                }
                                            }
                                        }
                                    }
                                },
                                "workers": {
                                    "total": 28.03593750037406,
                                    "count": 2252098,
                                    "self": 0.0,