{
    "name": "root",
    "gauges": {
        "DroneBehavior.Policy.Entropy.mean": {
            "value": 1.4198752641677856,
            "min": 1.418938398361206,
            "max": 1.4241091012954712,
            "count": 100
        },
        "DroneBehavior.Policy.Entropy.sum": {
            "value": 70954.0078125,
            "min": 70538.9609375,
            "max": 71437.6953125,
            "count": 100
        },
        "DroneBehavior.Step.mean": {
            "value": 4999955.0,
            "min": 49896.0,
            "max": 4999955.0,
            "count": 100
        },
        "DroneBehavior.Step.sum": {
            "value": 4999955.0,
            "min": 49896.0,
            "max": 4999955.0,
            "count": 100
        },
        "DroneBehavior.Policy.ExtrinsicValueEstimate.mean": {
            "value": -0.10578572750091553,
            "min": -0.40442323684692383,
            "max": 0.47123920917510986,
            "count": 100
        },
        "DroneBehavior.Policy.ExtrinsicValueEstimate.sum": {
            "value": -42.73743438720703,
            "min": -162.17372131347656,
            "max": 191.7943572998047,
            "count": 100
        },
        "DroneBehavior.Environment.EpisodeLength.mean": {
            "value": 1460.6363636363637,
            "min": 1209.5365853658536,
            "max": 1749.0,
            "count": 100
        },
        "DroneBehavior.Environment.EpisodeLength.sum": {
            "value": 48201.0,
            "min": 47142.0,
            "max": 53757.0,
            "count": 100
        },
        "DroneBehavior.Environment.CumulativeReward.mean": {
            "value": -35.86438975912152,
            "min": -83.76377626945232,
            "max": -12.250111318216092,
            "count": 100
        },
        "DroneBehavior.Environment.CumulativeReward.sum": {
            "value": -1183.5248620510101,
            "min": -2429.1495118141174,
            "max": -496.48788952827454,
            "count": 100
        },
        "DroneBehavior.Policy.ExtrinsicReward.mean": {
            "value": -35.86438975912152,
            "min": -83.76377626945232,
            "max": -12.250111318216092,
            "count": 100
        },
        "DroneBehavior.Policy.ExtrinsicReward.sum": {
            "value": -1183.5248620510101,
            "min": -2429.1495118141174,
            "max": -496.48788952827454,
            "count": 100
        },
        "DroneBehavior.IsTraining.mean": {
            "value": 1.0,
            "min": 1.0,
            "max": 1.0,
            "count": 100
        },
        "DroneBehavior.IsTraining.sum": {
            "value": 1.0,
            "min": 1.0,
            "max": 1.0,
            "count": 100
        },
        "DroneBehavior.Losses.PolicyLoss.mean": {
            "value": 0.02029343240327661,
            "min": 0.01376769553462509,
            "max": 0.020514990173574513,
            "count": 99
        },
        "DroneBehavior.Losses.PolicyLoss.sum": {
            "value": 0.02029343240327661,
            "min": 0.01376769553462509,
            "max": 0.020514990173574513,
            "count": 99
        },
        "DroneBehavior.Losses.ValueLoss.mean": {
            "value": 0.9095233851629827,
            "min": 0.0013480581837939098,
            "max": 3.9872140714691744,
            "count": 99
        },
        "DroneBehavior.Losses.ValueLoss.sum": {
            "value": 0.9095233851629827,
            "min": 0.0013480581837939098,
            "max": 3.9872140714691744,
            "count": 99
        },
        "DroneBehavior.Policy.LearningRate.mean": {
            "value": 8.768791232199994e-07,
            "min": 8.768791232199994e-07,
            "max": 9.899952100047999e-05,
            "count": 99
        },
        "DroneBehavior.Policy.LearningRate.sum": {
            "value": 8.768791232199994e-07,
            "min": 8.768791232199994e-07,
            "max": 9.899952100047999e-05,
            "count": 99
        },
        "DroneBehavior.Policy.Epsilon.mean": {
            "value": 0.10087678,
            "min": 0.10087678,
            "max": 0.19899952000000004,
            "count": 99
        },
        "DroneBehavior.Policy.Epsilon.sum": {
            "value": 0.10087678,
            "min": 0.10087678,
            "max": 0.19899952000000004,
            "count": 99
        },
        "DroneBehavior.Policy.Beta.mean": {
            "value": 5.375132199999996e-05,
            "min": 5.375132199999996e-05,
            "max": 0.004950076048,
            "count": 99
        },
        "DroneBehavior.Policy.Beta.sum": {
            "value": 5.375132199999996e-05,
            "min": 5.375132199999996e-05,
            "max": 0.004950076048,
            "count": 99
        }
    },
    "metadata": {
        "timer_format_version": "0.1.0",
        "start_time_seconds": "1700768801",
        "python_version": "3.7.16 (default, Jan 17 2023, 16:06:28) [MSC v.1916 64 bit (AMD64)]",
        "command_line_arguments": "C:\\Users\\Hazim\\anaconda3\\envs\\unityenv\\Scripts\\mlagents-learn .\\Droneconfig.yaml --run-id=Run 2 --torch-device cpu --force",
        "mlagents_version": "0.28.0",
        "mlagents_envs_version": "0.28.0",
        "communication_protocol_version": "1.5.0",
        "pytorch_version": "1.7.1+cu110",
        "numpy_version": "1.21.6",
        "end_time_seconds": "1700778864"
    },
    "total": 10062.3149132,
    "count": 1,
    "self": 0.0673439000001963,
    "children": {
        "run_training.setup": {
            "total": 0.06303720000000002,
            "count": 1,
            "self": 0.06303720000000002
        },
        "TrainerController.start_learning": {
            "total": 10062.1845321,
            "count": 1,
            "self": 38.501497800882134,
            "children": {
                "TrainerController._reset_env": {
                    "total": 6.3984311,
                    "count": 1,
                    "self": 6.3984311
                },
                "TrainerController.advance": {
                    "total": 10017.155012199117,
                    "count": 1251495,
                    "self": 19.62458749920188,
                    "children": {
                        "env_step": {
                            "total": 9997.530424699915,
                            "count": 1251495,
                            "self": 7743.984505400051,
                            "children": {
                                "SubprocessEnvManager._take_step": {
                                    "total": 2235.8583437999914,
                                    "count": 1251495,
                                    "self": 80.78490049969332,
                                    "children": {
                                        "TorchPolicy.evaluate": {
                                            "total": 2155.073443300298,
                                            "count": 1250082,
                                            "self": 290.92170349969615,
                                            "children": {
                                                "TorchPolicy.sample_actions": {
                                                    "total": 1864.151739800602,
                                                    "count": 1250082,
                                                    "self": 1864.151739800602
                                                }
                                            }
                                        }
                                    }
                                },
                                "workers": {
                                    "total": 17.687575499873304,
                                    "count": 1251495,
                                    "self": 0.0,
                                    "children": {
                                        "worker_root": {
                                            "total": 10015.470468300116,