{
    "name": "root",
    "gauges": {
        "DroneBehavior.Policy.Entropy.mean": {
            "value": 1.3960682153701782,
            "min": 1.3960682153701782,
            "max": 1.6006884574890137,
            "count": 120
        },
        "DroneBehavior.Policy.Entropy.sum": {
            "value": 69993.2734375,
            "min": 69576.8984375,
            "max": 79938.3828125,
            "count": 120
        },
        "DroneBehavior.Step.mean": {
            "value": 5999985.0,
            "min": 49914.0,
            "max": 5999985.0,
            "count": 120
        },
        "DroneBehavior.Step.sum": {
            "value": 5999985.0,
            "min": 49914.0,
            "max": 5999985.0,
            "count": 120
        },
        "DroneBehavior.Policy.ExtrinsicValueEstimate.mean": {
            "value": 1.503060221672058,
            "min": -0.42740103602409363,
            "max": 6.988490581512451,
            "count": 120
        },
        "DroneBehavior.Policy.ExtrinsicValueEstimate.sum": {
            "value": 626.776123046875,
            "min": -170.96041870117188,
            "max": 3193.740234375,
            "count": 120
        },
        "DroneBehavior.Environment.EpisodeLength.mean": {
            "value": 561.3804347826087,
            "min": 345.74468085106383,
            "max": 1749.0,
            "count": 120
        },
        "DroneBehavior.Environment.EpisodeLength.sum": {
            "value": 51647.0,
            "min": 45256.0,
            "max": 53607.0,
            "count": 120
        },
        "DroneBehavior.Environment.CumulativeReward.mean": {
            "value": 60.29668067091255,
            "min": -84.321116234575,
            "max": 76.59345327884378,
            "count": 120
        },
        "DroneBehavior.Environment.CumulativeReward.sum": {
            "value": 5607.591302394867,
            "min": -2360.9912545681,
            "max": 10876.270365595818,
            "count": 120
        },
        "DroneBehavior.Policy.ExtrinsicReward.mean": {
            "value": 60.29668067091255,
            "min": -84.321116234575,
            "max": 76.59345327884378,
            "count": 120
        },
        "DroneBehavior.Policy.ExtrinsicReward.sum": {
            "value": 5607.591302394867,
            "min": -2360.9912545681,
            "max": 10876.270365595818,
            "count": 120
        },
        "DroneBehavior.IsTraining.mean": {
            "value": 1.0,
            "min": 1.0,
            "max": 1.0,
            "count": 120
        },
        "DroneBehavior.IsTraining.sum": {
            "value": 1.0,
            "min": 1.0,
            "max": 1.0,
            "count": 120
        },
        "DroneBehavior.Losses.PolicyLoss.mean": {
            "value": 0.01821548494121493,
            "min": 0.01302492461147469,
            "max": 0.021257209830057237,
            "count": 119
        },
        "DroneBehavior.Losses.PolicyLoss.sum": {
            "value": 0.01821548494121493,
            "min": 0.01302492461147469,
            "max": 0.021257209830057237,
            "count": 119
        },
        "DroneBehavior.Losses.ValueLoss.mean": {
            "value": 0.1637300361568729,
            "min": 0.0010974164575196078,
            "max": 6.262291491031647,
            "count": 119
        },
        "DroneBehavior.Losses.ValueLoss.sum": {
            "value": 0.1637300361568729,
            "min": 0.0010974164575196078,
            "max": 6.262291491031647,
            "count": 119
        },
        "DroneBehavior.Policy.LearningRate.mean": {
            "value": 7.031932630150015e-06,
            "min": 7.031932630150015e-06,
            "max": 0.0009916453341687998,
            "count": 119
        },
        "DroneBehavior.Policy.LearningRate.sum": {
            "value": 7.031932630150015e-06,
            "min": 7.031932630150015e-06,
            "max": 0.0009916453341687998,
            "count": 119
        },
        "DroneBehavior.Policy.Epsilon.mean": {
            "value": 0.10070318333333336,
            "min": 0.10070318333333336,
            "max": 0.19916453333333337,
            "count": 119
        },
        "DroneBehavior.Policy.Epsilon.sum": {
            "value": 0.10070318333333336,
            "min": 0.10070318333333336,
            "max": 0.19916453333333337,
            "count": 119
        },
        "DroneBehavior.Policy.Beta.mean": {
            "value": 4.508884833333341e-05,
            "min": 4.508884833333341e-05,
            "max": 0.004958310213333333,
            "count": 119
        },
        "DroneBehavior.Policy.Beta.sum": {
            "value": 4.508884833333341e-05,
            "min": 4.508884833333341e-05,
            "max": 0.004958310213333333,
            "count": 119
        }
    },
    "metadata": {
        "timer_format_version": "0.1.0",
        "start_time_seconds": "1701001492",
        "python_version": "3.7.16 (default, Jan 17 2023, 16:06:28) [MSC v.1916 64 bit (AMD64)]",
        "command_line_arguments": "C:\\Users\\Hazim\\anaconda3\\envs\\unityenv\\Scripts\\mlagents-learn .\\Droneconfig.yaml --run-id=Run 2 --torch-device cpu",
        "mlagents_version": "0.28.0",
        "mlagents_envs_version": "0.28.0",
        "communication_protocol_version": "1.5.0",
        "pytorch_version": "1.7.1+cu110",
        "numpy_version": "1.21.6",
        "end_time_seconds": "1701012387"
    },
    "total": 10894.4335897,
    "count": 1,
    "self": 0.017118700001446996,
    "children": {
        "run_training.setup": {
            "total": 0.06835340000000001,
            "count": 1,
            "self": 0.06835340000000001
        },
        "TrainerController.start_learning": {
            "total": 10894.348117599999,
            "count": 1,
            "self": 38.32794769931206,
            "children": {
                "TrainerController._reset_env": {
                    "total": 8.404011299999999,
                    "count": 1,
                    "self": 8.404011299999999
                },
                "TrainerController.advance": {
                    "total": 10847.540113500687,
                    "count": 1503584,
                    "self": 18.30086450035742,
                    "children": {
                        "env_step": {
                            "total": 10829.23924900033,
                            "count": 1503584,
                            "self": 8359.621267200422,
                            "children": {
                                "SubprocessEnvManager._take_step": {
                                    "total": 2451.361082400215,
                                    "count": 1503584,
                                    "self": 78.94778180052845,
                                    "children": {
                                        "TorchPolicy.evaluate": {
                                            "total": 2372.4133005996864,
                                            "count": 1500086,
                                            "self": 285.916133999664,
                                            "children": {
                                                "TorchPolicy.sample_actions": {
                                                    "total": 2086.4971666000224,
                                                    "count": 1500086,
                                                    "self": 2086.4971666000224
                                                }
                                            }
                                        }
                                    }
                                },
                                "workers": {
                                    "total": 18.25689939969304,
                                    "count": 1503584,
                                    "self": 0.0,