{
    "name": "root",
    "gauges": {
        "DroneBehavior.Policy.Entropy.mean": {
            "value": 1.4250544309616089,
            "min": 1.418938398361206,
            "max": 1.4250544309616089,
            "count": 16
        },
        "DroneBehavior.Policy.Entropy.sum": {
            "value": 71150.1171875,
            "min": 70847.3828125,
            "max": 71650.3828125,
            "count": 16
        },
        "DroneBehavior.Step.mean": {
            "value": 799886.0,
            "min": 49887.0,
            "max": 799886.0,
            "count": 16
        },
        "DroneBehavior.Step.sum": {
            "value": 799886.0,
            "min": 49887.0,
            "max": 799886.0,
            "count": 16
        },
        "DroneBehavior.Policy.ExtrinsicValueEstimate.mean": {
            "value": 0.7026324272155762,
            "min": 0.10122644156217575,
            "max": 0.7026324272155762,
            "count": 16
        },
        "DroneBehavior.Policy.ExtrinsicValueEstimate.sum": {
            "value": 281.052978515625,
            "min": 40.288124084472656,
            "max": 281.052978515625,
            "count": 16
        },
        "DroneBehavior.Environment.EpisodeLength.mean": {
            "value": 3425.2,
            "min": 2775.4117647058824,
            "max": 3499.0,
            "count": 16
        },
        "DroneBehavior.Environment.EpisodeLength.sum": {
            "value": 51378.0,
            "min": 43976.0,
            "max": 54470.0,
            "count": 16
        },
        "DroneBehavior.Environment.CumulativeReward.mean": {
            "value": 244.80195744434994,
            "min": 117.34216282648198,
            "max": 244.80195744434994,
            "count": 16
        },
        "DroneBehavior.Environment.CumulativeReward.sum": {
            "value": 3672.029361665249,
            "min": 1871.8420787453651,
            "max": 3672.029361665249,
            "count": 16
        },
        "DroneBehavior.Policy.ExtrinsicReward.mean": {
            "value": 244.80195744434994,
            "min": 117.34216282648198,
            "max": 244.80195744434994,
            "count": 16
        },
        "DroneBehavior.Policy.ExtrinsicReward.sum": {
            "value": 3672.029361665249,
            "min": 1871.8420787453651,
            "max": 3672.029361665249,
            "count": 16
        },
        "DroneBehavior.IsTraining.mean": {
            "value": 1.0,
            "min": 1.0,
            "max": 1.0,
            "count": 16
        },
        "DroneBehavior.IsTraining.sum": {
            "value": 1.0,
            "min": 1.0,
            "max": 1.0,
            "count": 16
        },
        "DroneBehavior.Losses.PolicyLoss.mean": {
            "value": 0.017335822120205395,
            "min": 0.014459968714719353,
            "max": 0.017975570600861426,
            "count": 15
        },
        "DroneBehavior.Losses.PolicyLoss.sum": {
            "value": 0.017335822120205395,
            "min": 0.014459968714719353,
            "max": 0.017975570600861426,
            "count": 15
        },
        "DroneBehavior.Losses.ValueLoss.mean": {
            "value": 0.01465455602414699,
            "min": 0.0003058623889147485,
            "max": 0.04270431189797819,
            "count": 15
        },
        "DroneBehavior.Losses.ValueLoss.sum": {
            "value": 0.01465455602414699,
            "min": 0.0003058623889147485,
            "max": 0.04270431189797819,
            "count": 15
        },
        "DroneBehavior.Policy.LearningRate.mean": {
            "value": 7.49677250323e-05,
            "min": 7.49677250323e-05,
            "max": 9.83328350005e-05,
            "count": 15
        },
        "DroneBehavior.Policy.LearningRate.sum": {
            "value": 7.49677250323e-05,
            "min": 7.49677250323e-05,
            "max": 9.83328350005e-05,
            "count": 15
        },
        "DroneBehavior.Policy.Epsilon.mean": {
            "value": 0.17496770000000003,
            "min": 0.17496770000000003,
            "max": 0.19833283333333337,
            "count": 15
        },
        "DroneBehavior.Policy.Epsilon.sum": {
            "value": 0.17496770000000003,
            "min": 0.17496770000000003,
            "max": 0.19833283333333337,
            "count": 15
        },
        "DroneBehavior.Policy.Beta.mean": {
            "value": 0.00375088823,
            "min": 0.00375088823,
            "max": 0.004916808383333333,
            "count": 15
        },
        "DroneBehavior.Policy.Beta.sum": {
            "value": 0.00375088823,
            "min": 0.00375088823,
            "max": 0.004916808383333333,
            "count": 15
        }
    },
    "metadata": {
        "timer_format_version": "0.1.0",
        "start_time_seconds": "1700230852",
        "python_version": "3.7.16 (default, Jan 17 2023, 16:06:28) [MSC v.1916 64 bit (AMD64)]",
        "command_line_arguments": "C:\\Users\\Hazim\\anaconda3\\envs\\unityenv\\Scripts\\mlagents-learn .\\Droneconfig.yaml --run-id=Run 2 --torch-device cpu",
        "mlagents_version": "0.28.0",
        "mlagents_envs_version": "0.28.0",
        "communication_protocol_version": "1.5.0",
        "pytorch_version": "1.7.1+cu110",
        "numpy_version": "1.21.6",
        "end_time_seconds": "1700232003"
    },
    "total": 1150.9987736,
    "count": 1,
    "self": 0.004767899999933434,
    "children": {
        "run_training.setup": {
            "total": 0.06605569999999994,
            "count": 1,
            "self": 0.06605569999999994
        },
        "TrainerController.start_learning": {
            "total": 1150.92795,
            "count": 1,
            "self": 4.532346100003679,
            "children": {
                "TrainerController._reset_env": {
                    "total": 7.0199119,
                    "count": 1,
                    "self": 7.0199119
                },
                "TrainerController.advance": {
                    "total": 1139.3183608999966,
                    "count": 204184,
                    "self": 2.1496508000016092,
                    "children": {
                        "env_step": {
                            "total": 1137.168710099995,
                            "count": 204184,
                            "self": 841.1739494999727,
                            "children": {
                                "SubprocessEnvManager._take_step": {
                                    "total": 293.77521420003313,
                                    "count": 204184,
                                    "self": 9.742345500019212,
                                    "children": {
                                        "TorchPolicy.evaluate": {
                                            "total": 284.0328687000139,
                                            "count": 204184,
                                            "self": 33.293535700029224,
                                            "children": {
                                                "TorchPolicy.sample_actions": {
                                                    "total": 250.7393329999847,
                                                    "count": 204184,
                                                    "self": 250.7393329999847
                                                }
                                            }
                                        }
                                    }
                                },
                                "workers": {
                                    "total": 2.219546399989201,
                                    "count": 204183,
                                    "self": 0.0,
                                    "children": {
                                        "worker_root": {
                                            "total": 1135.1085050000213,
                                            "count": 204183,