{
    "name": "root",
    "gauges": {
        "DroneBehavior.Policy.Entropy.mean": {
            "value": 1.2980055809020996,
            "min": 1.2980055809020996,
            "max": 1.4617997407913208,
            "count": 120
        },
        "DroneBehavior.Policy.Entropy.sum": {
            "value": 64936.62109375,
            "min": 64772.53125,
            "max": 72884.9765625,
            "count": 120
        },
        "DroneBehavior.Step.mean": {
            "value": 5999957.0,
            "min": 49976.0,
            "max": 5999957.0,
            "count": 120
        },
        "DroneBehavior.Step.sum": {
            "value": 5999957.0,
            "min": 49976.0,
            "max": 5999957.0,
            "count": 120
        },
        "DroneBehavior.Policy.ExtrinsicValueEstimate.mean": {
            "value": 0.6733914613723755,
            "min": -0.6628159880638123,
            "max": 2.8646202087402344,
            "count": 120
        },
        "DroneBehavior.Policy.ExtrinsicValueEstimate.sum": {
            "value": 274.74371337890625,
            "min": -265.12640380859375,
            "max": 1203.1405029296875,
            "count": 120
        },
        "DroneBehavior.Environment.EpisodeLength.mean": {
            "value": 903.4181818181818,
            "min": 727.9705882352941,
            "max": 1749.0,
            "count": 120
        },
        "DroneBehavior.Environment.EpisodeLength.sum": {
            "value": 49688.0,
            "min": 47283.0,
            "max": 52470.0,
            "count": 120
        },
        "DroneBehavior.Environment.CumulativeReward.mean": {
            "value": 34.60795767090537,
            "min": -84.86963939666748,
            "max": 49.679271515677954,
            "count": 120
        },
        "DroneBehavior.Environment.CumulativeReward.sum": {
            "value": 1903.4376718997955,
            "min": -2376.3499031066895,
            "max": 3378.190463066101,
            "count": 120
        },
        "DroneBehavior.Policy.ExtrinsicReward.mean": {
            "value": 34.60795767090537,
            "min": -84.86963939666748,
            "max": 49.679271515677954,
            "count": 120
        },
        "DroneBehavior.Policy.ExtrinsicReward.sum": {
            "value": 1903.4376718997955,
            "min": -2376.3499031066895,
            "max": 3378.190463066101,
            "count": 120
        },
        "DroneBehavior.IsTraining.mean": {
            "value": 1.0,
            "min": 1.0,
            "max": 1.0,
            "count": 120
        },
        "DroneBehavior.IsTraining.sum": {
            "value": 1.0,
            "min": 1.0,
            "max": 1.0,
            "count": 120
        },
        "DroneBehavior.Losses.PolicyLoss.mean": {
            "value": 0.018131525474826857,
            "min": 0.014182600073278687,
            "max": 0.020484358046006592,
            "count": 119
        },
        "DroneBehavior.Losses.PolicyLoss.sum": {
            "value": 0.018131525474826857,
            "min": 0.014182600073278687,
            "max": 0.020484358046006592,
            "count": 119
        },
        "DroneBehavior.Losses.ValueLoss.mean": {
            "value": 1.040371396475368,
            "min": 3.2672041470505064e-05,
            "max": 10.371166659726036,
            "count": 119
        },
        "DroneBehavior.Losses.ValueLoss.sum": {
            "value": 1.040371396475368,
            "min": 3.2672041470505064e-05,
            "max": 10.371166659726036,
            "count": 119
        },
        "DroneBehavior.Policy.LearningRate.mean": {
            "value": 7.001099299900033e-06,
            "min": 7.001099299900033e-06,
            "max": 0.0009916493341684,
            "count": 119
        },
        "DroneBehavior.Policy.LearningRate.sum": {
            "value": 7.001099299900033e-06,
            "min": 7.001099299900033e-06,
            "max": 0.0009916493341684,
            "count": 119
        },
        "DroneBehavior.Policy.Epsilon.mean": {
            "value": 0.10070010000000004,
            "min": 0.10070010000000004,
            "max": 0.19916493333333338,
            "count": 119
        },
        "DroneBehavior.Policy.Epsilon.sum": {
            "value": 0.10070010000000004,
            "min": 0.10070010000000004,
            "max": 0.19916493333333338,
            "count": 119
        },
        "DroneBehavior.Policy.Beta.mean": {
            "value": 4.493499000000017e-05,
            "min": 4.493499000000017e-05,
            "max": 0.004958330173333333,
            "count": 119
        },
        "DroneBehavior.Policy.Beta.sum": {
            "value": 4.493499000000017e-05,
            "min": 4.493499000000017e-05,
            "max": 0.004958330173333333,
            "count": 119
        }
    },
    "metadata": {
        "timer_format_version": "0.1.0",
        "start_time_seconds": "1700845208",
        "python_version": "3.7.16 (default, Jan 17 2023, 16:06:28) [MSC v.1916 64 bit (AMD64)]",
        "command_line_arguments": "C:\\Users\\Hazim\\anaconda3\\envs\\unityenv\\Scripts\\mlagents-learn .\\Droneconfig.yaml --run-id=Run 3 --torch-device cpu",
        "mlagents_version": "0.28.0",
        "mlagents_envs_version": "0.28.0",
        "communication_protocol_version": "1.5.0",
        "pytorch_version": "1.7.1+cu110",
        "numpy_version": "1.21.6",
        "end_time_seconds": "1700854583"
    },
    "total": 9375.4552407,
    "count": 1,
    "self": 0.017772999997760053,
    "children": {
        "run_training.setup": {
            "total": 0.07085010000000014,
            "count": 1,
            "self": 0.07085010000000014
        },
        "TrainerController.start_learning": {
            "total": 9375.3666176,
            "count": 1,
            "self": 33.61510149943206,
            "children": {
                "TrainerController._reset_env": {
                    "total": 16.075690599999998,
                    "count": 1,
                    "self": 16.075690599999998
                },
                "TrainerController.advance": {
                    "total": 9325.616681300568,
                    "count": 1502313,
                    "self": 16.602457000748473,
                    "children": {
                        "env_step": {
                            "total": 9309.014224299819,
                            "count": 1502313,
                            "self": 7124.511064500263,
                            "children": {
                                "SubprocessEnvManager._take_step": {
                                    "total": 2168.0264383000385,
                                    "count": 1502313,
                                    "self": 70.69064460000754,
                                    "children": {
                                        "TorchPolicy.evaluate": {
                                            "total": 2097.335793700031,
                                            "count": 1500071,
                                            "self": 253.9851311007526,
                                            "children": {
                                                "TorchPolicy.sample_actions": {
                                                    "total": 1843.3506625992784,
                                                    "count": 1500071,
                                                    "self": 1843.3506625992784
                                                }
                                            }
                                        }
                                    }
                                },
                                "workers": {
                                    "total": 16.476721499517,
                                    "count": 1502313,
                                    "self": 0.0,