{
    "name": "root",
    "gauges": {
        "DroneBehavior.Policy.Entropy.mean": {
            "value": 1.4734669923782349,
            "min": 1.418938398361206,
            "max": 1.4734669923782349,
            "count": 60
        },
        "DroneBehavior.Policy.Entropy.sum": {
            "value": 73461.171875,
            "min": 70828.6640625,
            "max": 73486.8046875,
            "count": 60
        },
        "DroneBehavior.Step.mean": {
            "value": 2999814.0,
            "min": 49898.0,
            "max": 2999814.0,
            "count": 60
        },
        "DroneBehavior.Step.sum": {
            "value": 2999814.0,
            "min": 49898.0,
            "max": 2999814.0,
            "count": 60
        },
        "DroneBehavior.Policy.ExtrinsicValueEstimate.mean": {
            "value": -0.33680030703544617,
            "min": -0.635565996170044,
            "max": -0.05117451772093773,
            "count": 60
        },
        "DroneBehavior.Policy.ExtrinsicValueEstimate.sum": {
            "value": -67.36006164550781,
            "min": -129.0198974609375,
            "max": -10.43960189819336,
            "count": 60
        },
        "DroneBehavior.Environment.EpisodeLength.mean": {
            "value": 1988.076923076923,
            "min": 1643.9285714285713,
            "max": 1999.0,
            "count": 60
        },
        "DroneBehavior.Environment.EpisodeLength.sum": {
            "value": 51690.0,
            "min": 46030.0,
            "max": 53973.0,
            "count": 60
        },
        "DroneBehavior.Environment.CumulativeReward.mean": {
            "value": -52.38794158935547,
            "min": -99.01749290738788,
            "max": -47.74141790316655,
            "count": 60
        },
        "DroneBehavior.Environment.CumulativeReward.sum": {
            "value": -1309.6985397338867,
            "min": -2772.4898014068604,
            "max": -1241.2768654823303,
            "count": 60
        },
        "DroneBehavior.Policy.ExtrinsicReward.mean": {
            "value": -52.38794158935547,
            "min": -99.01749290738788,
            "max": -47.74141790316655,
            "count": 60
        },
        "DroneBehavior.Policy.ExtrinsicReward.sum": {
            "value": -1309.6985397338867,
            "min": -2772.4898014068604,
            "max": -1241.2768654823303,
            "count": 60
        },
        "DroneBehavior.IsTraining.mean": {
            "value": 1.0,
            "min": 1.0,
            "max": 1.0,
            "count": 60
        },
        "DroneBehavior.IsTraining.sum": {
            "value": 1.0,
            "min": 1.0,
            "max": 1.0,
            "count": 60
        },
        "DroneBehavior.Losses.PolicyLoss.mean": {
            "value": 0.013804546402752749,
            "min": 0.008746901382336445,
            "max": 0.014187998224466961,
            "count": 59
        },
        "DroneBehavior.Losses.PolicyLoss.sum": {
            "value": 0.013804546402752749,
            "min": 0.008746901382336445,
            "max": 0.014187998224466961,
            "count": 59
        },
        "DroneBehavior.Losses.ValueLoss.mean": {
            "value": 0.6034598397091031,
            "min": 0.0007394522932978967,
            "max": 8.125617980957031,
            "count": 59
        },
        "DroneBehavior.Losses.ValueLoss.sum": {
            "value": 0.6034598397091031,
            "min": 0.0007394522932978967,
            "max": 8.125617980957031,
            "count": 59
        },
        "DroneBehavior.Policy.LearningRate.mean": {
            "value": 0.00046991174398086665,
            "min": 0.00046991174398086665,
            "max": 0.0006960991338905999,
            "count": 59
        },
        "DroneBehavior.Policy.LearningRate.sum": {
            "value": 0.00046991174398086665,
            "min": 0.00046991174398086665,
            "max": 0.0006960991338905999,
            "count": 59
        },
        "DroneBehavior.Policy.Epsilon.mean": {
            "value": 0.16713024444444446,
            "min": 0.16713024444444446,
            "max": 0.19944273333333332,
            "count": 59
        },
        "DroneBehavior.Policy.Epsilon.sum": {
            "value": 0.16713024444444446,
            "min": 0.16713024444444446,
            "max": 0.19944273333333332,
            "count": 59
        },
        "DroneBehavior.Policy.Beta.mean": {
            "value": 0.003359799197777778,
            "min": 0.003359799197777778,
            "max": 0.004972192393333332,
            "count": 59
        },
        "DroneBehavior.Policy.Beta.sum": {
            "value": 0.003359799197777778,
            "min": 0.003359799197777778,
            "max": 0.004972192393333332,
            "count": 59
        }
    },
    "metadata": {
        "timer_format_version": "0.1.0",
        "start_time_seconds": "1701349140",
        "python_version": "3.7.16 (default, Jan 17 2023, 16:06:28) [MSC v.1916 64 bit (AMD64)]",
        "command_line_arguments": "C:\\Users\\Hazim\\anaconda3\\envs\\unityenv\\Scripts\\mlagents-learn .\\Droneconfig.yaml --run-id=Run 11 --torch-device cpu --force",
        "mlagents_version": "0.28.0",
        "mlagents_envs_version": "0.28.0",
        "communication_protocol_version": "1.5.0",
        "pytorch_version": "1.7.1+cu110",
        "numpy_version": "1.21.6",
        "end_time_seconds": "1701354675"
    },
    "total": 5534.9011929,
    "count": 1,
    "self": 0.005021099999794387,
    "children": {
        "run_training.setup": {
            "total": 0.0695519,
            "count": 1,
            "self": 0.0695519
        },
        "TrainerController.start_learning": {
            "total": 5534.8266199,
            "count": 1,
            "self": 19.775375699849064,
            "children": {
                "TrainerController._reset_env": {
                    "total": 8.8195988,
                    "count": 1,
                    "self": 8.8195988
                },
                "TrainerController.advance": {
                    "total": 5506.1555198001515,
                    "count": 758696,
                    "self": 9.199064500048735,
                    "children": {
                        "env_step": {
                            "total": 5496.956455300103,
                            "count": 758696,
                            "self": 3986.1398673997237,
                            "children": {
                                "SubprocessEnvManager._take_step": {
                                    "total": 1501.8103308001178,
                                    "count": 758696,
                                    "self": 39.41339940004627,
                                    "children": {
                                        "TorchPolicy.evaluate": {
                                            "total": 1462.3969314000715,
                                            "count": 757673,
                                            "self": 169.93393190014513,
                                            "children": {
                                                "TorchPolicy.sample_actions": {
                                                    "total": 1292.4629994999264,
                                                    "count": 757673,
                                                    "self": 1292.4629994999264
                                                }
                                            }
                                        }
                                    }
                                },
                                "workers": {
                                    "total": 9.00625710026167,
                                    "count": 758695,
                                    "self": 0.0,
                                    "children": {
                                        "worker_root": {
                                            "total": 5506.098704999925,